county,municipality,population
ATLANTIC,ABSECON,9086
ATLANTIC,ATLANTIC,38487
ATLANTIC,BRIGANTINE,7784
ATLANTIC,BUENA VISTASHIP,7068
ATLANTIC,BUENAUGH,4504
ATLANTIC,CORBIN,697
ATLANTIC,COUNTY SUBDIVISIONS NOT DEFINED,0
ATLANTIC,EGG HARBOR,4376
ATLANTIC,EGG HARBORSHIP,47488
ATLANTIC,ESTELL MANOR,1729
ATLANTIC,FOLSOMUGH,1761
ATLANTIC,GALLOWAYSHIP,37697
ATLANTIC,HAMILTONSHIP,27670
ATLANTIC,HAMMONTON,14732
ATLANTIC,LINWOOD,6952
ATLANTIC,LONGPORTUGH,776
ATLANTIC,MARGATE,5331
ATLANTIC,MULLICASHIP,5820
ATLANTIC,NORTHFIELD,8432
ATLANTIC,PLEASANTVILLE,20562
ATLANTIC,PORT REPUBLIC,980
ATLANTIC,SOMERS POINT,10482
ATLANTIC,VENTNOR,9285
ATLANTIC,WEYMOUTHSHIP,2640
BERGEN,ALLENDALEUGH,6817
BERGEN,ALPINEUGH,1449
BERGEN,BERGENFIELDUGH,28223
BERGEN,BOGOTAUGH,8940
BERGEN,CARLSTADTUGH,6341
BERGEN,CLIFFSIDE PARKUGH,25546
BERGEN,CLOSTERUGH,8555
BERGEN,CRESSKILLUGH,9105
BERGEN,DEMARESTUGH,4930
BERGEN,DUMONTUGH,18014
BERGEN,EAST RUTHERFORDUGH,10020
BERGEN,EDGEWATERUGH,14394
BERGEN,ELMWOOD PARKUGH,21261
BERGEN,EMERSONUGH,7281
BERGEN,ENGLEWOOD,29109
BERGEN,ENGLEWOOD CLIFFSUGH,5347
BERGEN,FAIR LAWNUGH,34948
BERGEN,FAIRVIEWUGH,14935
BERGEN,FORT LEEUGH,39799
BERGEN,FRANKLIN LAKESUGH,11007
BERGEN,GARFIELD,32472
BERGEN,GLEN ROCKUGH,12086
BERGEN,HACKENSACK,45758
BERGEN,HARRINGTON PARKUGH,4826
BERGEN,HASBROUCK HEIGHTSUGH,12080
BERGEN,HAWORTHUGH,3342
BERGEN,HILLSDALEUGH,10125
BERGEN,HO-HO-KUSUGH,4234
BERGEN,LEONIAUGH,9273
BERGEN,LITTLE FERRYUGH,10954
BERGEN,LODIUGH,25969
BERGEN,LYNDHURSTSHIP,22332
BERGEN,MAHWAHSHIP,25471
BERGEN,MAYWOODUGH,10040
BERGEN,MIDLAND PARKUGH,7022
BERGEN,MONTVALEUGH,8413
BERGEN,MOONACHIEUGH,3093
BERGEN,NEW MILFORDUGH,16888
BERGEN,NORTH ARLINGTONUGH,16352
BERGEN,NORTHVALEUGH,4769
BERGEN,NORWOODUGH,5657
BERGEN,OAKLANDUGH,12734
BERGEN,OLD TAPPANUGH,5863
BERGEN,ORADELLUGH,8208
BERGEN,PALISADES PARKUGH,20231
BERGEN,PARAMUSUGH,26582
BERGEN,PARK RIDGEUGH,9098
BERGEN,RAMSEYUGH,14739
BERGEN,RIDGEFIELD PARK,13161
BERGEN,RIDGEFIELDUGH,11465
BERGEN,RIDGEWOOD,26043
BERGEN,RIVER EDGEUGH,12022
BERGEN,RIVER VALESHIP,9885
BERGEN,ROCHELLE PARKSHIP,5790
BERGEN,ROCKLEIGHUGH,567
BERGEN,RUTHERFORDUGH,18754
BERGEN,SADDLE BROOKSHIP,14320
BERGEN,SADDLE RIVERUGH,3363
BERGEN,SOUTH HACKENSACKSHIP,2820
BERGEN,TEANECKSHIP,41427
BERGEN,TENAFLYUGH,15299
BERGEN,TETERBOROUGH,91
BERGEN,UPPER SADDLE RIVERUGH,8313
BERGEN,WALDWICKUGH,10068
BERGEN,WALLINGTONUGH,11838
BERGEN,WASHINGTONSHIP,9268
BERGEN,WESTWOODUGH,11241
BERGEN,WOOD-RIDGEUGH,9978
BERGEN,WOODCLIFF LAKEUGH,6096
BERGEN,WYCKOFFSHIP,16802
BURLINGTON,BASS RIVERSHIP,897
BURLINGTON,BEVERLY,2502
BURLINGTON,BORDENTOWN,3989
BURLINGTON,BORDENTOWNSHIP,11836
BURLINGTON,BURLINGTON,9833
BURLINGTON,BURLINGTONSHIP,23879
BURLINGTON,CHESTERFIELDSHIP,9144
BURLINGTON,CINNAMINSONSHIP,17069
BURLINGTON,DELANCOSHIP,4785
BURLINGTON,DELRANSHIP,17794
BURLINGTON,EASTAMPTONSHIP,6215
BURLINGTON,EDGEWATER PARKSHIP,8922
BURLINGTON,EVESHAMSHIP,47200
BURLINGTON,FIELDSBOROUGH,732
BURLINGTON,FLORENCESHIP,12748
BURLINGTON,HAINESPORTSHIP,6024
BURLINGTON,LUMBERTONSHIP,12786
BURLINGTON,MANSFIELDSHIP,8882
BURLINGTON,MAPLE SHADESHIP,19885
BURLINGTON,MEDFORD LAKESUGH,4263
BURLINGTON,MEDFORDSHIP,24388
BURLINGTON,MOORESTOWNSHIP,21337
BURLINGTON,MOUNT HOLLYSHIP,9943
BURLINGTON,MOUNT LAURELSHIP,44929
BURLINGTON,NEW HANOVERSHIP,7192
BURLINGTON,NORTH HANOVERSHIP,7943
BURLINGTON,PALMYRAUGH,7437
BURLINGTON,PEMBERTONSHIP,26926
BURLINGTON,PEMBERTONUGH,1338
BURLINGTON,RIVERSIDESHIP,8008
BURLINGTON,RIVERTONUGH,2764
BURLINGTON,SHAMONGSHIP,6461
BURLINGTON,SOUTHAMPTONSHIP,10308
BURLINGTON,SPRINGFIELDSHIP,3237
BURLINGTON,TABERNACLESHIP,6797
BURLINGTON,WASHINGTONSHIP,562
BURLINGTON,WESTAMPTONSHIP,9104
BURLINGTON,WILLINGBOROSHIP,31846
BURLINGTON,WOODLANDSHIP,1481
BURLINGTON,WRIGHTSTOWNUGH,467
CAMDEN,AUDUBON PARKUGH,1031
CAMDEN,AUDUBONUGH,8695
CAMDEN,BARRINGTONUGH,7022
CAMDEN,BELLMAWRUGH,11677
CAMDEN,BERLINSHIP,5881
CAMDEN,BERLINUGH,7489
CAMDEN,BROOKLAWNUGH,1894
CAMDEN,CAMDEN,71799
CAMDEN,CHERRY HILLSHIP,74934
CAMDEN,CHESILHURSTUGH,1384
CAMDEN,CLEMENTONUGH,5312
CAMDEN,COLLINGSWOODUGH,14135
CAMDEN,GIBBSBOROUGH,2278
CAMDEN,GLOUCESTER,11435
CAMDEN,GLOUCESTERSHIP,65812
CAMDEN,HADDON HEIGHTSUGH,7484
CAMDEN,HADDONFIELDUGH,12456
CAMDEN,HADDONSHIP,15331
CAMDEN,HI-NELLAUGH,883
CAMDEN,LAUREL SPRINGSUGH,2004
CAMDEN,LAWNSIDEUGH,3059
CAMDEN,LINDENWOLDUGH,21337
CAMDEN,MAGNOLIAUGH,4342
CAMDEN,MERCHANTVILLEUGH,3800
CAMDEN,MOUNT EPHRAIMUGH,4638
CAMDEN,OAKLYNUGH,3937
CAMDEN,PENNSAUKENSHIP,36984
CAMDEN,PINE HILLUGH,10698
CAMDEN,RUNNEMEDEUGH,8307
CAMDEN,SOMERDALEUGH,5524
CAMDEN,STRATFORDUGH,6962
CAMDEN,TAVISTOCKUGH,12
CAMDEN,VOORHEESSHIP,30876
CAMDEN,WATERFORDSHIP,10411
CAMDEN,WINSLOWSHIP,39854
CAMDEN,WOODLYNNEUGH,2904
CAPE MAY,AVALONUGH,1459
CAPE MAY,CAPE MAY,2815
CAPE MAY,CAPE MAY POINTUGH,155
CAPE MAY,COUNTY SUBDIVISIONS NOT DEFINED,0
CAPE MAY,DENNISSHIP,6283
CAPE MAY,LOWERSHIP,22123
CAPE MAY,MIDDLESHIP,20340
CAPE MAY,NORTH WILDWOOD,3639
CAPE MAY,OCEAN,11260
CAPE MAY,SEA ISLE,2047
CAPE MAY,STONE HARBORUGH,887
CAPE MAY,UPPERSHIP,12562
CAPE MAY,WEST CAPE MAYUGH,927
CAPE MAY,WEST WILDWOODUGH,427
CAPE MAY,WILDWOOD,5164
CAPE MAY,WILDWOOD CRESTUGH,3104
CAPE MAY,WOODBINEUGH,2264
CUMBERLAND,BRIDGETON,26895
CUMBERLAND,COMMERCIALSHIP,4702
CUMBERLAND,COUNTY SUBDIVISIONS NOT DEFINED,0
CUMBERLAND,DEERFIELDSHIP,3129
CUMBERLAND,DOWNESHIP,1415
CUMBERLAND,FAIRFIELDSHIP,5538
CUMBERLAND,GREENWICHSHIP,683
CUMBERLAND,HOPEWELLSHIP,4387
CUMBERLAND,LAWRENCESHIP,3094
CUMBERLAND,MAURICE RIVERSHIP,6179
CUMBERLAND,MILLVILLE,27523
CUMBERLAND,SHILOHUGH,305
CUMBERLAND,STOW CREEKSHIP,1244
CUMBERLAND,UPPER DEERFIELDSHIP,7698
CUMBERLAND,VINELAND,60796
ESSEX,BELLEVILLESHIP,37787
ESSEX,BLOOMFIELDSHIP,52638
ESSEX,CALDWELLUGH,8897
ESSEX,CEDAR GROVESHIP,13179
ESSEX,CITY OF ORANGESHIP,33922
ESSEX,EAST ORANGE,68879
ESSEX,ESSEX FELLSUGH,2290
ESSEX,FAIRFIELDSHIP,7723
ESSEX,GLEN RIDGEUGH,7797
ESSEX,IRVINGTONSHIP,60268
ESSEX,LIVINGSTONSHIP,31091
ESSEX,MAPLEWOODSHIP,25384
ESSEX,MILLBURNSHIP,21699
ESSEX,MONTCLAIRSHIP,39783
ESSEX,NEWARK,307355
ESSEX,NORTH CALDWELLUGH,6625
ESSEX,NUTLEYSHIP,29823
ESSEX,ROSELANDUGH,6221
ESSEX,SOUTH ORANGESHIP,18249
ESSEX,VERONASHIP,14438
ESSEX,WEST CALDWELLSHIP,10927
ESSEX,WEST ORANGESHIP,48399
GLOUCESTER,CLAYTONUGH,8801
GLOUCESTER,DEPTFORDSHIP,31956
GLOUCESTER,EAST GREENWICHSHIP,11728
GLOUCESTER,ELKSHIP,4408
GLOUCESTER,FRANKLINSHIP,16418
GLOUCESTER,GLASSBOROUGH,23014
GLOUCESTER,GREENWICHSHIP,4921
GLOUCESTER,HARRISONSHIP,13603
GLOUCESTER,LOGANSHIP,6008
GLOUCESTER,MANTUASHIP,15283
GLOUCESTER,MONROESHIP,37231
GLOUCESTER,NATIONAL PARKUGH,3028
GLOUCESTER,NEWFIELDUGH,1830
GLOUCESTER,PAULSBOROUGH,6195
GLOUCESTER,PITMANUGH,8805
GLOUCESTER,SOUTH HARRISONSHIP,3391
GLOUCESTER,SWEDESBOROUGH,2706
GLOUCESTER,WASHINGTONSHIP,48830
GLOUCESTER,WENONAHUGH,2213
GLOUCESTER,WEST DEPTFORDSHIP,22200
GLOUCESTER,WESTVILLEUGH,4276
GLOUCESTER,WOODBURY,9981
GLOUCESTER,WOODBURY HEIGHTSUGH,3092
GLOUCESTER,WOOLWICHSHIP,12703
HUDSON,BAYONNE,70497
HUDSON,EAST NEWARKUGH,2718
HUDSON,GUTTENBERG,11765
HUDSON,HARRISON,19217
HUDSON,HOBOKEN,58754
HUDSON,JERSEY,287899
HUDSON,KEARNY,41157
HUDSON,NORTH BERGENSHIP,62066
HUDSON,SECAUCUS,21470
HUDSON,UNION,67258
HUDSON,WEEHAWKENSHIP,16790
HUDSON,WEST NEW YORK,52438
HUNTERDON,ALEXANDRIASHIP,4827
HUNTERDON,BETHLEHEMSHIP,3758
HUNTERDON,BLOOMSBURYUGH,860
HUNTERDON,CALIFONUGH,939
HUNTERDON,CLINTON,2775
HUNTERDON,CLINTONSHIP,13445
HUNTERDON,DELAWARESHIP,4557
HUNTERDON,EAST AMWELLSHIP,3933
HUNTERDON,FLEMINGTONUGH,4864
HUNTERDON,FRANKLINSHIP,3248
HUNTERDON,FRENCHTOWNUGH,1639
HUNTERDON,GLEN GARDNERUGH,1610
HUNTERDON,HAMPTONUGH,1064
HUNTERDON,HIGH BRIDGEUGH,3564
HUNTERDON,HOLLANDSHIP,5194
HUNTERDON,KINGWOODSHIP,3809
HUNTERDON,LAMBERTVILLE,4127
HUNTERDON,LEBANONSHIP,6209
HUNTERDON,LEBANONUGH,1864
HUNTERDON,MILFORDUGH,1244
HUNTERDON,RARITANSHIP,23649
HUNTERDON,READINGTONSHIP,16173
HUNTERDON,STOCKTONUGH,475
HUNTERDON,TEWKSBURYSHIP,5881
HUNTERDON,UNIONSHIP,6402
HUNTERDON,WEST AMWELLSHIP,2989
MERCER,EAST WINDSORSHIP,29784
MERCER,EWINGSHIP,36140
MERCER,HAMILTONSHIP,91819
MERCER,HIGHTSTOWNUGH,5864
MERCER,HOPEWELLSHIP,17521
MERCER,HOPEWELLUGH,1825
MERCER,LAWRENCESHIP,32636
MERCER,PENNINGTONUGH,2780
MERCER,PRINCETON,30450
MERCER,ROBBINSVILLESHIP,15413
MERCER,TRENTON,90055
MERCER,WEST WINDSORSHIP,29445
MIDDLESEX,CARTERETUGH,25161
MIDDLESEX,CRANBURYSHIP,4048
MIDDLESEX,DUNELLENUGH,7598
MIDDLESEX,EAST BRUNSWICKSHIP,49462
MIDDLESEX,EDISONSHIP,107018
MIDDLESEX,HELMETTAUGH,2302
MIDDLESEX,HIGHLAND PARKUGH,14996
MIDDLESEX,JAMESBURGUGH,5783
MIDDLESEX,METUCHENUGH,14958
MIDDLESEX,MIDDLESEXUGH,14525
MIDDLESEX,MILLTOWNUGH,7017
MIDDLESEX,MONROESHIP,48012
MIDDLESEX,NEW BRUNSWICK,55718
MIDDLESEX,NORTH BRUNSWICKSHIP,43708
MIDDLESEX,OLD BRIDGESHIP,67113
MIDDLESEX,PERTH AMBOY,55226
MIDDLESEX,PISCATAWAYSHIP,60447
MIDDLESEX,PLAINSBOROSHIP,23974
MIDDLESEX,SAYREVILLEUGH,45136
MIDDLESEX,SOUTH AMBOY,9336
MIDDLESEX,SOUTH BRUNSWICKSHIP,46719
MIDDLESEX,SOUTH PLAINFIELDUGH,24273
MIDDLESEX,SOUTH RIVERUGH,16081
MIDDLESEX,SPOTSWOODUGH,8136
MIDDLESEX,WOODBRIDGESHIP,103400
MONMOUTH,ABERDEENSHIP,19234
MONMOUTH,ALLENHURSTUGH,412
MONMOUTH,ALLENTOWNUGH,1817
MONMOUTH,ASBURY PARK,15245
MONMOUTH,ATLANTIC HIGHLANDSUGH,4409
MONMOUTH,AVON-BY-THE-SEAUGH,1792
MONMOUTH,BELMARUGH,5877
MONMOUTH,BRADLEY BEACHUGH,4268
MONMOUTH,BRIELLEUGH,4957
MONMOUTH,COLTS NECKSHIP,9969
MONMOUTH,COUNTY SUBDIVISIONS NOT DEFINED,0
MONMOUTH,DEALUGH,645
MONMOUTH,EATONTOWNUGH,13522
MONMOUTH,ENGLISHTOWNUGH,2129
MONMOUTH,FAIR HAVENUGH,6221
MONMOUTH,FARMINGDALEUGH,1326
MONMOUTH,FREEHOLDSHIP,35548
MONMOUTH,FREEHOLDUGH,12498
MONMOUTH,HAZLETSHIP,20249
MONMOUTH,HIGHLANDSUGH,4646
MONMOUTH,HOLMDELSHIP,17369
MONMOUTH,HOWELLSHIP,53479
MONMOUTH,INTERLAKENUGH,762
MONMOUTH,KEANSBURGUGH,9761
MONMOUTH,KEYPORTUGH,7188
MONMOUTH,LAKE COMOUGH,1710
MONMOUTH,LITTLE SILVERUGH,6104
MONMOUTH,LOCH ARBOUR,220
MONMOUTH,LONG BRANCH,31932
MONMOUTH,MANALAPANSHIP,40639
MONMOUTH,MANASQUANUGH,5921
MONMOUTH,MARLBOROSHIP,41480
MONMOUTH,MATAWANUGH,9546
MONMOUTH,MIDDLETOWNSHIP,66952
MONMOUTH,MILLSTONESHIP,10371
MONMOUTH,MONMOUTH BEACHUGH,3199
MONMOUTH,NEPTUNESHIP,28115
MONMOUTH,NEPTUNEUGH,4619
MONMOUTH,OCEANPORTUGH,6119
MONMOUTH,OCEANSHIP,27733
MONMOUTH,RED BANKUGH,12868
MONMOUTH,ROOSEVELTUGH,1037
MONMOUTH,RUMSONUGH,7285
MONMOUTH,SEA BRIGHTUGH,1629
MONMOUTH,SEA GIRTUGH,2031
MONMOUTH,SHREWSBURYSHIP,1269
MONMOUTH,SHREWSBURYUGH,4138
MONMOUTH,SPRING LAKE HEIGHTSUGH,4864
MONMOUTH,SPRING LAKEUGH,2788
MONMOUTH,TINTON FALLSUGH,19180
MONMOUTH,UNION BEACHUGH,5751
MONMOUTH,UPPER FREEHOLDSHIP,7244
MONMOUTH,WALLSHIP,26450
MONMOUTH,WEST LONG BRANCHUGH,8547
MORRIS,BOONTON,8781
MORRIS,BOONTONSHIP,4377
MORRIS,BUTLERUGH,8045
MORRIS,CHATHAMSHIP,10930
MORRIS,CHATHAMUGH,9199
MORRIS,CHESTERSHIP,7725
MORRIS,CHESTERUGH,1480
MORRIS,DENVILLESHIP,17084
MORRIS,DOVER,18426
MORRIS,EAST HANOVERSHIP,11102
MORRIS,FLORHAM PARKUGH,12790
MORRIS,HANOVERSHIP,14602
MORRIS,HARDINGSHIP,3868
MORRIS,JEFFERSONSHIP,20555
MORRIS,KINNELONUGH,9986
MORRIS,LINCOLN PARKUGH,10884
MORRIS,LONG HILLSHIP,8630
MORRIS,MADISONUGH,16521
MORRIS,MENDHAMSHIP,6005
MORRIS,MENDHAMUGH,4968
MORRIS,MINE HILLSHIP,3990
MORRIS,MONTVILLESHIP,22364
MORRIS,MORRIS PLAINSUGH,6104
MORRIS,MORRISSHIP,23094
MORRIS,MORRISTOWN,20126
MORRIS,MOUNT ARLINGTONUGH,5863
MORRIS,MOUNT OLIVESHIP,28876
MORRIS,MOUNTAIN LAKESUGH,4499
MORRIS,NETCONGUGH,3484
MORRIS,PARSIPPANY-TROY HILLSSHIP,55970
MORRIS,PEQUANNOCKSHIP,15561
MORRIS,RANDOLPHSHIP,26451
MORRIS,RIVERDALEUGH,4081
MORRIS,ROCKAWAYSHIP,25539
MORRIS,ROCKAWAYUGH,6589
MORRIS,ROXBURYSHIP,23101
MORRIS,VICTORY GARDENSUGH,1761
MORRIS,WASHINGTONSHIP,18188
MORRIS,WHARTONUGH,7217
OCEAN,BARNEGAT LIGHTUGH,435
OCEAN,BARNEGATSHIP,24295
OCEAN,BAY HEADUGH,1096
OCEAN,BEACH HAVENUGH,1061
OCEAN,BEACHWOODUGH,10933
OCEAN,BERKELEYSHIP,43846
OCEAN,BRICKSHIP,74230
OCEAN,COUNTY SUBDIVISIONS NOT DEFINED,0
OCEAN,EAGLESWOODSHIP,1653
OCEAN,HARVEY CEDARSUGH,479
OCEAN,ISLAND HEIGHTSUGH,1521
OCEAN,JACKSONSHIP,58793
OCEAN,LACEYSHIP,28879
OCEAN,LAKEHURSTUGH,2653
OCEAN,LAKEWOODSHIP,133875
OCEAN,LAVALLETTEUGH,2036
OCEAN,LITTLE EGG HARBORSHIP,20901
OCEAN,LONG BEACHSHIP,3135
OCEAN,MANCHESTERSHIP,45206
OCEAN,MANTOLOKINGUGH,417
OCEAN,OCEAN GATEUGH,1682
OCEAN,OCEANSHIP,8838
OCEAN,PINE BEACHUGH,2402
OCEAN,PLUMSTEDSHIP,8211
OCEAN,POINT PLEASANT BEACHUGH,4786
OCEAN,POINT PLEASANTUGH,19024
OCEAN,SEASIDE HEIGHTSUGH,2027
OCEAN,SEASIDE PARKUGH,1799
OCEAN,SHIP BOTTOMUGH,995
OCEAN,SOUTH TOMS RIVERUGH,3662
OCEAN,STAFFORDSHIP,28917
OCEAN,SURFUGH,1325
OCEAN,TOMS RIVERSHIP,95997
OCEAN,TUCKERTONUGH,3582
PASSAIC,BLOOMINGDALEUGH,7726
PASSAIC,CLIFTON,89451
PASSAIC,HALEDONUGH,8945
PASSAIC,HAWTHORNEUGH,19456
PASSAIC,LITTLE FALLSSHIP,14229
PASSAIC,NORTH HALEDONUGH,8801
PASSAIC,PASSAIC,70048
PASSAIC,PATERSON,157864
PASSAIC,POMPTON LAKESUGH,11052
PASSAIC,PROSPECT PARKUGH,6299
PASSAIC,RINGWOODUGH,11692
PASSAIC,TOTOWAUGH,10975
PASSAIC,WANAQUEUGH,11217
PASSAIC,WAYNESHIP,54143
PASSAIC,WEST MILFORDSHIP,24797
PASSAIC,WOODLAND PARKUGH,13291
SALEM,ALLOWAYSHIP,3293
SALEM,CARNEYS POINTSHIP,8606
SALEM,ELMERUGH,1268
SALEM,ELSINBOROSHIP,871
SALEM,LOWER ALLOWAYS CREEKSHIP,1668
SALEM,MANNINGTONSHIP,1868
SALEM,OLDMANSSHIP,1774
SALEM,PENNS GROVEUGH,4841
SALEM,PENNSVILLESHIP,12706
SALEM,PILESGROVESHIP,4165
SALEM,PITTSGROVESHIP,8799
SALEM,QUINTONSHIP,2588
SALEM,SALEM,5285
SALEM,UPPER PITTSGROVESHIP,3428
SALEM,WOODSTOWNUGH,3680
SOMERSET,BEDMINSTERSHIP,8245
SOMERSET,BERNARDSSHIP,27768
SOMERSET,BERNARDSVILLEUGH,7888
SOMERSET,BOUND BROOKUGH,11906
SOMERSET,BRANCHBURGSHIP,14882
SOMERSET,BRIDGEWATERSHIP,46079
SOMERSET,FAR HILLSUGH,1047
SOMERSET,FRANKLINSHIP,68219
SOMERSET,GREEN BROOKSHIP,6956
SOMERSET,HILLSBOROUGHSHIP,43007
SOMERSET,MANVILLEUGH,10892
SOMERSET,MILLSTONEUGH,584
SOMERSET,MONTGOMERYSHIP,23558
SOMERSET,NORTH PLAINFIELDUGH,22695
SOMERSET,PEAPACK AND GLADSTONEUGH,2561
SOMERSET,RARITANUGH,8301
SOMERSET,ROCKY HILLUGH,794
SOMERSET,SOMERVILLEUGH,12467
SOMERSET,SOUTH BOUND BROOKUGH,4838
SOMERSET,WARRENSHIP,15874
SOMERSET,WATCHUNGUGH,6417
SUSSEX,ANDOVERSHIP,6020
SUSSEX,ANDOVERUGH,747
SUSSEX,BRANCHVILLEUGH,708
SUSSEX,BYRAMSHIP,8059
SUSSEX,FRANKFORDSHIP,5315
SUSSEX,FRANKLINUGH,4933
SUSSEX,FREDONSHIP,3261
SUSSEX,GREENSHIP,3620
SUSSEX,HAMBURGUGH,3274
SUSSEX,HAMPTONSHIP,4906
SUSSEX,HARDYSTONSHIP,8160
SUSSEX,HOPATCONGUGH,14411
SUSSEX,LAFAYETTESHIP,2426
SUSSEX,MONTAGUESHIP,3800
SUSSEX,NEWTON,8370
SUSSEX,OGDENSBURGUGH,2215
SUSSEX,SANDYSTONSHIP,2036
SUSSEX,SPARTASHIP,19775
SUSSEX,STANHOPEUGH,3533
SUSSEX,STILLWATERSHIP,4015
SUSSEX,SUSSEXUGH,1918
SUSSEX,VERNONSHIP,22440
SUSSEX,WALPACKSHIP,8
SUSSEX,WANTAGESHIP,10858
UNION,BERKELEY HEIGHTSSHIP,13120
UNION,CLARKSHIP,15415
UNION,CRANFORDSHIP,23838
UNION,ELIZABETH,135665
UNION,FANWOODUGH,7723
UNION,GARWOODUGH,4542
UNION,HILLSIDESHIP,22262
UNION,KENILWORTHUGH,8345
UNION,LINDEN,43478
UNION,MOUNTAINSIDEUGH,6991
UNION,NEW PROVIDENCEUGH,13595
UNION,PLAINFIELD,54358
UNION,RAHWAY,29664
UNION,ROSELLE PARKUGH,13964
UNION,ROSELLEUGH,22500
UNION,SCOTCH PLAINSSHIP,24740
UNION,SPRINGFIELDSHIP,17011
UNION,SUMMIT,22555
UNION,UNIONSHIP,59956
UNION,WESTFIELD,30839
UNION,WINFIELDSHIP,1518
WARREN,ALLAMUCHYSHIP,5319
WARREN,ALPHAUGH,2223
WARREN,BELVIDERE,2532
WARREN,BLAIRSTOWNSHIP,5718
WARREN,FRANKLINSHIP,2985
WARREN,FRELINGHUYSENSHIP,2191
WARREN,GREENWICHSHIP,5480
WARREN,HACKETTSTOWN,10111
WARREN,HARDWICKSHIP,1549
WARREN,HARMONYSHIP,2506
WARREN,HOPESHIP,1893
WARREN,INDEPENDENCESHIP,5479
WARREN,KNOWLTONSHIP,2909
WARREN,LIBERTYSHIP,2678
WARREN,LOPATCONGSHIP,8981
WARREN,MANSFIELDSHIP,7775
WARREN,OXFORDSHIP,2555
WARREN,PHILLIPSBURG,15206
WARREN,POHATCONGSHIP,3252
WARREN,WASHINGTONSHIP,6522
WARREN,WASHINGTONUGH,7240
WARREN,WHITESHIP,4635
